aoi,collection,item_id,datetime,cloud_cover_scene_pct,cloud_frac_aoi,green,red,rededge,nir,NDCI_chl_proxy,NDTI_turbidity_proxy,RedTideIndex_proxy,NDWI_water_check,index_definition_note,error
yas_bay,sentinel-2-l2a,S2A_MSIL2A_20230930T064651_R020_T40RBN_20230930T124526,2023-09-30T06:46:51.024000Z,0.214958,0.017738359201773836,0.19899356984478936,0.19191228222996515,0.19690136205258157,0.18999492397846057,0.012831545127029841,-0.018115071895802748,1.0259966676683991,0.02313344998430114,"S2: rededge=B05(705nm), red=B04(665nm), green=B03(560nm), nir=B08(842nm)",
yas_bay,sentinel-2-l2a,S2B_MSIL2A_20231008T065759_R063_T40RBN_20231008T121753,2023-10-08T06:57:59.024000Z,0.103889,0.0,0.15480174326465926,0.15289833676540474,0.16580031675641432,0.1593915847860539,0.04048332130818457,-0.006185914865763277,1.084382736032017,-0.01460833541523771,"S2: rededge=B05(705nm), red=B04(665nm), green=B03(560nm), nir=B08(842nm)",
yas_bay,sentinel-2-l2a,S2A_MSIL2A_20231102T070031_R063_T40RBN_20231102T121937,2023-11-02T07:00:31.024000Z,0.184447,0.003801076971808679,0.17635140164713337,0.17095396737408933,0.17650304086157745,0.17157990180551155,0.01597053262982221,-0.01554088924180789,1.032459460126745,0.01371391362108709,"S2: rededge=B05(705nm), red=B04(665nm), green=B03(560nm), nir=B08(842nm)",
yas_bay,sentinel-2-l2a,S2B_MSIL2A_20231217T070309_R063_T39RZH_20231220T060318,2023-12-17T07:03:09.024000Z,0.208298,0.0,0.18020807050092766,0.16199973716759433,0.16311076066790353,0.16431580859616576,0.003417371963397394,-0.0532084099932949,1.0068581808818604,0.04612818695299536,"S2: rededge=B05(705nm), red=B04(665nm), green=B03(560nm), nir=B08(842nm)",
yas_bay,sentinel-2-l2a,S2A_MSIL2A_20240108T065251_R020_T40RBN_20240108T113938,2024-01-08T06:52:51.024000Z,0.246025,0.011403230915426037,0.1702816835603421,0.1548011640798226,0.15551650300918593,0.15745201552229351,0.0023051827376561755,-0.04762022848297097,1.0046210177656962,0.03914662445137714,"S2: rededge=B05(705nm), red=B04(665nm), green=B03(560nm), nir=B08(842nm)",
yas_bay,sentinel-2-l2a,S2B_MSIL2A_20240222T064909_R020_T40RBN_20240222T114638,2024-02-22T06:49:09.024000Z,0.352228,0.009185936015204309,0.17891512511878366,0.16298085207475452,0.16660576496674057,0.16635822774786188,0.010998361901113451,-0.04660561722552581,1.022241342132163,0.03636798862891574,"S2: rededge=B05(705nm), red=B04(665nm), green=B03(560nm), nir=B08(842nm)",
yas_bay,sentinel-2-l2a,S2B_MSIL2A_20240922T065619_R063_T39RZH_20240922T102739,2024-09-22T06:56:19.024000Z,0.103817,0.0,0.18668790197897342,0.1802856601731602,0.19164029066171923,0.18441222170686455,0.030529277301222905,-0.01744605733521232,1.0629813290621848,0.006132254146148942,"S2: rededge=B05(705nm), red=B04(665nm), green=B03(560nm), nir=B08(842nm)",
yas_bay,sentinel-2-l2a,S2B_MSIL2A_20241012T065729_R063_T39RZH_20241012T110526,2024-10-12T06:57:29.024000Z,0.066496,0.0,0.20088693568336427,0.18381013450834882,0.1871296536796537,0.18238927025355597,0.008948943405398334,-0.04439025534170369,1.018059500256522,0.04826197176678546,"S2: rededge=B05(705nm), red=B04(665nm), green=B03(560nm), nir=B08(842nm)",
yas_bay,sentinel-2-l2a,S2B_MSIL2A_20241111T070029_R063_T39RZH_20241111T092242,2024-11-11T07:00:29.024000Z,0.203469,0.0,0.17642774427953,0.1619390027058369,0.1648400432900433,0.16275014705882354,0.008877682396572557,-0.042819637871565744,1.0179144031748557,0.04032573339829545,"S2: rededge=B05(705nm), red=B04(665nm), green=B03(560nm), nir=B08(842nm)",
yas_bay,sentinel-2-l2a,S2B_MSIL2A_20241208T065159_R020_T40RBN_20241208T090838,2024-12-08T06:51:59.024000Z,0.269524,0.004434589800443459,0.17593602312321827,0.16468012353500158,0.16597630662020907,0.16810086370839936,0.003920029876930129,-0.03304570173389651,1.0078709139717885,0.02277418414919468,"S2: rededge=B05(705nm), red=B04(665nm), green=B03(560nm), nir=B08(842nm)",
yas_bay,sentinel-2-l2a,S2A_MSIL2A_20250112T065241_R020_T40RBN_20250112T101851,2025-01-12T06:52:41.024000Z,0.213731,0.0031675641431738993,0.16857382800126702,0.1557312420785805,0.1597595502058917,0.15929014899350136,0.012768385720997356,-0.039600324224115704,1.025867051938612,0.02831564203198146,"S2: rededge=B05(705nm), red=B04(665nm), green=B03(560nm), nir=B08(842nm)",
yas_bay,sentinel-2-l2a,S2C_MSIL2A_20250204T070131_R063_T39RZH_20250204T101810,2025-02-04T07:01:31.025000Z,0.211759,0.004947433518862091,0.18326239950525666,0.16737686301793445,0.17023457019171306,0.16997901205936922,0.008464485774698452,-0.04530450005230534,1.0170734898614537,0.03760427574742957,"S2: rededge=B05(705nm), red=B04(665nm), green=B03(560nm), nir=B08(842nm)",
yas_bay,sentinel-2-l2a,S2B_MSIL2A_20250914T064619_R020_T40RBN_20250914T090756,2025-09-14T06:46:19.024000Z,0.330582,0.004117833386126069,0.18079263541336713,0.17957008716323297,0.1884033892936332,0.18363355252733324,0.024005268573849704,-0.003392549155453458,1.0491913896682057,-0.007795589910866637,"S2: rededge=B05(705nm), red=B04(665nm), green=B03(560nm), nir=B08(842nm)",
yas_bay,sentinel-2-l2a,S2B_MSIL2A_20251007T065659_R063_T40RBN_20251007T093140,2025-10-07T06:56:59.024000Z,0.108405,0.0,0.16827260057016155,0.1664461885895404,0.17076021539436176,0.17365983346550357,0.012793430830060076,-0.0054565564879290865,1.0259184475257634,-0.015755255597601783,"S2: rededge=B05(705nm), red=B04(665nm), green=B03(560nm), nir=B08(842nm)",
yas_bay,landsat-c2-l2,LC09_L2SP_160043_20230908_02_T1,2023-09-08T06:46:35.861284Z,0.0,,0.09671325708061002,0.08983204611474221,,0.09790254720406683,0.04298888631366605,-0.036887613078425904,1.0898398894200427,-0.006110963741244571,"Landsat OLI has no red-edge band: chl/RTI proxies use NIR(865nm)/Red(655nm) 2-band ratio, a coarser analogue of the S2 red-edge form, per organiser guidance to keep bands physically meaningful rather than treated like generic RGB.",
yas_bay,landsat-c2-l2,LC08_L2SP_160043_20231002_02_T1,2023-10-02T06:46:41.735366Z,0.0,,0.06085673202614378,0.05474092774146694,,0.06521806826434279,0.08733934820835305,-0.052905952395330635,1.1913950120165626,-0.03459324328216374,"Landsat OLI has no red-edge band: chl/RTI proxies use NIR(865nm)/Red(655nm) 2-band ratio, a coarser analogue of the S2 red-edge form, per organiser guidance to keep bands physically meaningful rather than treated like generic RGB.",
yas_bay,landsat-c2-l2,LC09_L2SP_161043_20231102_02_T1,2023-11-02T06:52:52.376117Z,0.29,,0.0960625,0.09369906250000004,,0.1021784375,0.04328917308011361,-0.012454774659646648,1.0904958360709314,-0.030851031967098128,"Landsat OLI has no red-edge band: chl/RTI proxies use NIR(865nm)/Red(655nm) 2-band ratio, a coarser analogue of the S2 red-edge form, per organiser guidance to keep bands physically meaningful rather than treated like generic RGB.",
yas_bay,landsat-c2-l2,LE07_L2SP_160043_20231217_02_T1,2023-12-17T04:20:29.513689Z,0.0,,0.09539486720067453,0.07777958684654301,,0.06880721332209105,-0.061208604827515875,-0.1017198549927494,0.8846435949556507,0.16192032277506535,"Landsat OLI has no red-edge band: chl/RTI proxies use NIR(865nm)/Red(655nm) 2-band ratio, a coarser analogue of the S2 red-edge form, per organiser guidance to keep bands physically meaningful rather than treated like generic RGB.",
yas_bay,landsat-c2-l2,LC08_L2SP_160043_20240122_02_T1,2024-01-22T06:46:38.377638Z,2.5,,0.04783788852578069,0.03586208787218592,,0.05032479121278144,0.1678063238180078,-0.14308009594475474,1.403286707459455,-0.025334502823518526,"Landsat OLI has no red-edge band: chl/RTI proxies use NIR(865nm)/Red(655nm) 2-band ratio, a coarser analogue of the S2 red-edge form, per organiser guidance to keep bands physically meaningful rather than treated like generic RGB.",
yas_bay,landsat-c2-l2,LC08_L2SP_160043_20240223_02_T1,2024-02-23T06:46:37.203557Z,4.09,,0.05904988017429197,0.05360585875090779,,0.10353277777777775,0.31772529105377495,-0.04832440384594041,1.9313705663940042,-0.27360173688758116,"Landsat OLI has no red-edge band: chl/RTI proxies use NIR(865nm)/Red(655nm) 2-band ratio, a coarser analogue of the S2 red-edge form, per organiser guidance to keep bands physically meaningful rather than treated like generic RGB.",
yas_bay,landsat-c2-l2,LC08_L2SP_160043_20240918_02_T1,2024-09-18T06:46:30.041900Z,0.0,,0.07327924291938998,0.06501272694262888,,0.07275256899055921,0.05618136262476369,-0.0597758205701244,1.119051182928543,0.003606569842162488,"Landsat OLI has no red-edge band: chl/RTI proxies use NIR(865nm)/Red(655nm) 2-band ratio, a coarser analogue of the S2 red-edge form, per organiser guidance to keep bands physically meaningful rather than treated like generic RGB.",
yas_bay,landsat-c2-l2,LC08_L2SP_160043_20241004_02_T1,2024-10-04T06:46:26.464651Z,0.05,,0.07738752723311548,0.062184340958605644,,0.06845404139433547,0.04799278988920118,-0.10892729653533172,1.1008244252343753,0.061254729518169126,"Landsat OLI has no red-edge band: chl/RTI proxies use NIR(865nm)/Red(655nm) 2-band ratio, a coarser analogue of the S2 red-edge form, per organiser guidance to keep bands physically meaningful rather than treated like generic RGB.",
yas_bay,landsat-c2-l2,LC08_L2SP_160043_20241105_02_T1,2024-11-05T06:46:34.125376Z,0.0,,0.06456877269426287,0.05112520697167755,,0.05652001997095135,0.05011660203149598,-0.11619935420497093,1.10552158746785,0.06646984040517004,"Landsat OLI has no red-edge band: chl/RTI proxies use NIR(865nm)/Red(655nm) 2-band ratio, a coarser analogue of the S2 red-edge form, per organiser guidance to keep bands physically meaningful rather than treated like generic RGB.",
yas_bay,landsat-c2-l2,LC08_L2SP_160043_20241207_02_T1,2024-12-07T06:46:39.678866Z,4.35,,0.0543349582425563,0.039306358024691374,,0.057487512708787214,0.1878337393300197,-0.16049112525259732,1.4625499689560362,-0.02819249511668066,"Landsat OLI has no red-edge band: chl/RTI proxies use NIR(865nm)/Red(655nm) 2-band ratio, a coarser analogue of the S2 red-edge form, per organiser guidance to keep bands physically meaningful rather than treated like generic RGB.",
yas_bay,landsat-c2-l2,LC08_L2SP_160043_20250124_02_T1,2025-01-24T06:46:33.023362Z,2.49,,0.06048341503267973,0.04922860566448803,,0.058724673202614375,0.08796460503822798,-0.10258501572273246,1.192897349212889,0.014753544462469155,"Landsat OLI has no red-edge band: chl/RTI proxies use NIR(865nm)/Red(655nm) 2-band ratio, a coarser analogue of the S2 red-edge form, per organiser guidance to keep bands physically meaningful rather than treated like generic RGB.",
yas_bay,landsat-c2-l2,LC09_L2SP_160043_20250201_02_T1,2025-02-01T06:46:40.873662Z,2.58,,0.07504882897603482,0.05550813180827885,,0.05708723493100942,0.014024583501619099,-0.1496718141289926,1.028448140322659,0.13593256461507067,"Landsat OLI has no red-edge band: chl/RTI proxies use NIR(865nm)/Red(655nm) 2-band ratio, a coarser analogue of the S2 red-edge form, per organiser guidance to keep bands physically meaningful rather than treated like generic RGB.",
yas_bay,landsat-c2-l2,LC08_L2SP_160043_20250905_02_T1,2025-09-05T06:46:41.471522Z,0.01,,0.09909908678286128,0.09618945896877268,,0.11256372185911401,0.0784383875033819,-0.014899121722115929,1.1702292856814709,-0.06361360865728648,"Landsat OLI has no red-edge band: chl/RTI proxies use NIR(865nm)/Red(655nm) 2-band ratio, a coarser analogue of the S2 red-edge form, per organiser guidance to keep bands physically meaningful rather than treated like generic RGB.",
yas_bay,landsat-c2-l2,LC09_L2SP_160043_20251031_02_T1,2025-10-31T06:46:50.905726Z,0.0,,0.07404245279593319,0.06178767792302109,,0.07177978395061729,0.0748094325326721,-0.09022132871438089,1.1617168076787898,0.01551662418433875,"Landsat OLI has no red-edge band: chl/RTI proxies use NIR(865nm)/Red(655nm) 2-band ratio, a coarser analogue of the S2 red-edge form, per organiser guidance to keep bands physically meaningful rather than treated like generic RGB.",
shawka_dam,sentinel-2-l2a,S2A_MSIL2A_20230930T064651_R020_T40RDN_20230930T124351,2023-09-30T06:46:51.024000Z,0.005182,0.0,0.23930306486101213,0.2661133998574483,0.2921389901823282,0.31345698503207414,0.0466197562056573,0.053046026134844514,1.0977988719802207,-0.13415209761523958,"S2: rededge=B05(705nm), red=B04(665nm), green=B03(560nm), nir=B08(842nm)",
shawka_dam,sentinel-2-l2a,S2B_MSIL2A_20231005T064729_R020_T40RDN_20231005T131535,2023-10-05T06:47:29.024000Z,0.003902,0.0,0.2447311475409836,0.2683975053456878,0.2893434782608696,0.30955602280826805,0.03755501842403165,0.046121684438329535,1.078040862891792,-0.11695178733153581,"S2: rededge=B05(705nm), red=B04(665nm), green=B03(560nm), nir=B08(842nm)",
shawka_dam,sentinel-2-l2a,S2A_MSIL2A_20231119T065151_R020_T40RCN_20231119T120022,2023-11-19T06:51:51.024000Z,1.040161,0.0,0.21387569493941555,0.23309012829650747,0.24637082748948105,0.25106254454739846,0.02769922979693375,0.042988596349457155,1.0569766694541418,-0.07998234270648232,"S2: rededge=B05(705nm), red=B04(665nm), green=B03(560nm), nir=B08(842nm)",
shawka_dam,sentinel-2-l2a,S2A_MSIL2A_20231209T065251_R020_T40RDN_20231209T111650,2023-12-09T06:52:51.024000Z,0.034161,0.0,0.21595473984319316,0.23615466856735567,0.2535617110799439,0.2750933357091946,0.035545150695439315,0.04467929299498117,1.0737103467748021,-0.12043341336685921,"S2: rededge=B05(705nm), red=B04(665nm), green=B03(560nm), nir=B08(842nm)",
shawka_dam,sentinel-2-l2a,S2B_MSIL2A_20240123T065159_R020_T40RDN_20240123T100824,2024-01-23T06:51:59.024000Z,0.133132,0.0,0.22265178189593726,0.2421570206699929,0.2575328190743338,0.2842650748396294,0.030770684495422466,0.04196400469693975,1.0634951584794015,-0.12154516490232382,"S2: rededge=B05(705nm), red=B04(665nm), green=B03(560nm), nir=B08(842nm)",
shawka_dam,sentinel-2-l2a,S2B_MSIL2A_20240222T064909_R020_T40RCN_20240222T113956,2024-02-22T06:49:09.024000Z,0.414637,0.0,0.22104205274411975,0.2398029579472559,0.25666465638148667,0.2800730933713471,0.033963340100298216,0.040709793461776625,1.0703148058663208,-0.11779935426981775,"S2: rededge=B05(705nm), red=B04(665nm), green=B03(560nm), nir=B08(842nm)",
shawka_dam,sentinel-2-l2a,S2A_MSIL2A_20240904T064621_R020_T40RCN_20240904T121950,2024-09-04T06:46:21.024000Z,0.036516,0.0,0.23656974340698503,0.25903157519600856,0.28204964936886395,0.29337020669992875,0.04254088504247418,0.04532238100644927,1.0888620399093727,-0.10718282945357187,"S2: rededge=B05(705nm), red=B04(665nm), green=B03(560nm), nir=B08(842nm)",
shawka_dam,sentinel-2-l2a,S2B_MSIL2A_20241029T064919_R020_T40RDN_20241029T090554,2024-10-29T06:49:19.024000Z,0.005597,0.0,0.21609301496792588,0.23375801853171777,0.2522584852734923,0.26840634354953674,0.038065511349773686,0.03926856280926135,1.079143666848221,-0.1079739893602467,"S2: rededge=B05(705nm), red=B04(665nm), green=B03(560nm), nir=B08(842nm)",
shawka_dam,sentinel-2-l2a,S2A_MSIL2A_20241103T065031_R020_T40RDN_20241103T100958,2024-11-03T06:50:31.024000Z,0.005703,0.0,0.21536717747683534,0.2331803635067712,0.25063674614305753,0.27391803278688526,0.036080540121701546,0.039713039092520414,1.074862146939656,-0.11966610492577835,"S2: rededge=B05(705nm), red=B04(665nm), green=B03(560nm), nir=B08(842nm)",
shawka_dam,sentinel-2-l2a,S2B_MSIL2A_20241228T065209_R020_T40RDN_20241228T085137,2024-12-28T06:52:09.024000Z,0.01354,0.0,0.21588011404134,0.23246956521739132,0.24890070126227212,0.2687465431218817,0.03413409009460491,0.0370011442931756,1.0706808051605181,-0.10908691938243159,"S2: rededge=B05(705nm), red=B04(665nm), green=B03(560nm), nir=B08(842nm)",
shawka_dam,sentinel-2-l2a,S2A_MSIL2A_20250112T065241_R020_T40RDN_20250112T101851,2025-01-12T06:52:41.024000Z,0.006954,0.0,0.22367594440484678,0.24418709907341413,0.26134810659186536,0.28401803278688526,0.03394621645760063,0.043840083021048415,1.0702781088090645,-0.11885523778677823,"S2: rededge=B05(705nm), red=B04(665nm), green=B03(560nm), nir=B08(842nm)",
shawka_dam,sentinel-2-l2a,S2C_MSIL2A_20250201T065141_R020_T40RCN_20250201T104612,2025-02-01T06:51:41.025000Z,0.408174,0.0,0.23619583036350678,0.2644538845331433,0.28351360448807855,0.30728891660727015,0.03478257439867408,0.05644276492890816,1.0720719984453342,-0.1308097175496004,"S2: rededge=B05(705nm), red=B04(665nm), green=B03(560nm), nir=B08(842nm)",
shawka_dam,sentinel-2-l2a,S2A_MSIL2A_20250901T065321_R020_T40RDN_20250901T092758,2025-09-01T06:53:21.024000Z,0.040972,0.0,0.28925071275837494,0.32986208125445476,0.35237082748948106,0.3591667141838917,0.032992759432357674,0.06559607375071988,1.068236840528703,-0.10782560511246388,"S2: rededge=B05(705nm), red=B04(665nm), green=B03(560nm), nir=B08(842nm)",
shawka_dam,sentinel-2-l2a,S2B_MSIL2A_20251004T064629_R020_T40RDN_20251004T101955,2025-10-04T06:46:29.024000Z,0.003922,0.0,0.2832136849607983,0.3190534925160371,0.3383040673211781,0.3481485388453315,0.029284784995715494,0.059508153350457636,1.0603365117658865,-0.1028488107715366,"S2: rededge=B05(705nm), red=B04(665nm), green=B03(560nm), nir=B08(842nm)",
shawka_dam,landsat-c2-l2,LC08_L2SP_159043_20230925_02_T1,2023-09-25T06:40:29.200305Z,0.0,,0.14294800833333332,0.16695679166666666,,0.21106239166666668,0.11667556024824319,0.07747147941346291,1.264173739562856,-0.19240785958077322,"Landsat OLI has no red-edge band: chl/RTI proxies use NIR(865nm)/Red(655nm) 2-band ratio, a coarser analogue of the S2 red-edge form, per organiser guidance to keep bands physically meaningful rather than treated like generic RGB.",
shawka_dam,landsat-c2-l2,LC09_L2SP_159043_20231003_02_T1,2023-10-03T06:40:28.611650Z,0.0,,0.13490948333333336,0.1588079,,0.20630883333333333,0.13009793580171894,0.08136534649549448,1.2991093851964124,-0.2092482921124935,"Landsat OLI has no red-edge band: chl/RTI proxies use NIR(865nm)/Red(655nm) 2-band ratio, a coarser analogue of the S2 red-edge form, per organiser guidance to keep bands physically meaningful rather than treated like generic RGB.",
shawka_dam,landsat-c2-l2,LC08_L2SP_159043_20231128_02_T1,2023-11-28T06:40:37.400188Z,0.12,,0.12070619166666668,0.140767625,,0.1803507583333333,0.1232664817331385,0.07672444449345434,1.2811948651782206,-0.19811722222877307,"Landsat OLI has no red-edge band: chl/RTI proxies use NIR(865nm)/Red(655nm) 2-band ratio, a coarser analogue of the S2 red-edge form, per organiser guidance to keep bands physically meaningful rather than treated like generic RGB.",
shawka_dam,landsat-c2-l2,LC09_L2SP_159043_20231206_02_T1,2023-12-06T06:40:37.795722Z,0.05,,0.11740994999999999,0.13803880000000002,,0.17808943333333332,0.1266910990866891,0.08075533742091136,1.2901404049682648,-0.20534554979048747,"Landsat OLI has no red-edge band: chl/RTI proxies use NIR(865nm)/Red(655nm) 2-band ratio, a coarser analogue of the S2 red-edge form, per organiser guidance to keep bands physically meaningful rather than treated like generic RGB.",
shawka_dam,landsat-c2-l2,LC09_L2SP_159043_20240123_02_T1,2024-01-23T06:40:36.291270Z,0.06,,0.12180793333333334,0.1424939833333333,,0.18662185833333333,0.13408006973026051,0.0782667422956636,1.309682373723616,-0.21014158408551917,"Landsat OLI has no red-edge band: chl/RTI proxies use NIR(865nm)/Red(655nm) 2-band ratio, a coarser analogue of the S2 red-edge form, per organiser guidance to keep bands physically meaningful rather than treated like generic RGB.",
shawka_dam,landsat-c2-l2,LC08_L2SP_160042_20240223_02_T1,2024-02-23T06:46:13.312516Z,0.54,,0.10731277500000003,0.12551300833333334,,0.16682369166666666,0.1413119985733345,0.07817103876024031,1.3291346760139933,-0.21708500656728863,"Landsat OLI has no red-edge band: chl/RTI proxies use NIR(865nm)/Red(655nm) 2-band ratio, a coarser analogue of the S2 red-edge form, per organiser guidance to keep bands physically meaningful rather than treated like generic RGB.",
shawka_dam,landsat-c2-l2,LC09_L2SP_159043_20240919_02_T1,2024-09-19T06:40:12.019977Z,0.0,,0.1272383583333333,0.1479707,,0.19063704166666667,0.12600521611425056,0.07533306422478177,1.28834317649823,-0.1994450760685897,"Landsat OLI has no red-edge band: chl/RTI proxies use NIR(865nm)/Red(655nm) 2-band ratio, a coarser analogue of the S2 red-edge form, per organiser guidance to keep bands physically meaningful rather than treated like generic RGB.",
shawka_dam,landsat-c2-l2,LC09_L2SP_159043_20241005_02_T1,2024-10-05T06:40:19.334772Z,0.0,,0.12690753333333332,0.1473479166666667,,0.19201048333333331,0.1316088438260748,0.07453045448443546,1.303109590396878,-0.20413694616709488,"Landsat OLI has no red-edge band: chl/RTI proxies use NIR(865nm)/Red(655nm) 2-band ratio, a coarser analogue of the S2 red-edge form, per organiser guidance to keep bands physically meaningful rather than treated like generic RGB.",
shawka_dam,landsat-c2-l2,LC08_L2SP_160043_20241105_02_T1,2024-11-05T06:46:34.125376Z,0.0,,0.10351960833333329,0.121216775,,0.16304665833333332,0.1471518261875164,0.07874633561410452,1.3450832884584936,-0.2233105139084867,"Landsat OLI has no red-edge band: chl/RTI proxies use NIR(865nm)/Red(655nm) 2-band ratio, a coarser analogue of the S2 red-edge form, per organiser guidance to keep bands physically meaningful rather than treated like generic RGB.",
shawka_dam,landsat-c2-l2,LC09_L2SP_159043_20241208_02_T1,2024-12-08T06:40:29.771083Z,1.42,,0.11423443333333333,0.13234080000000004,,0.17789253333333332,0.14683055764478334,0.07343140842612352,1.3442002264859612,-0.2179124396709239,"Landsat OLI has no red-edge band: chl/RTI proxies use NIR(865nm)/Red(655nm) 2-band ratio, a coarser analogue of the S2 red-edge form, per organiser guidance to keep bands physically meaningful rather than treated like generic RGB.",
shawka_dam,landsat-c2-l2,LC09_L2SP_159043_20250125_02_T1,2025-01-25T06:40:33.813324Z,0.05,,0.13207258333333333,0.1573306,,0.2037666416666667,0.12859705450071643,0.08727622265845841,1.2951494602236737,-0.21347732187427887,"Landsat OLI has no red-edge band: chl/RTI proxies use NIR(865nm)/Red(655nm) 2-band ratio, a coarser analogue of the S2 red-edge form, per organiser guidance to keep bands physically meaningful rather than treated like generic RGB.",
shawka_dam,landsat-c2-l2,LC09_L2SP_159043_20250210_02_T1,2025-02-10T06:40:32.781281Z,0.16,,0.1702479,0.20036984166666666,,0.24680780833333338,0.10384679705407172,0.08127495875186219,1.2317612584828035,-0.18357237847022242,"Landsat OLI has no red-edge band: chl/RTI proxies use NIR(865nm)/Red(655nm) 2-band ratio, a coarser analogue of the S2 red-edge form, per organiser guidance to keep bands physically meaningful rather than treated like generic RGB.",
shawka_dam,landsat-c2-l2,LC08_L2SP_160043_20250905_02_T1,2025-09-05T06:46:41.471522Z,0.01,,0.15620374166666667,0.18633347499999997,,0.220900425,0.08488229982818238,0.08796046638825075,1.185511218529038,-0.1715618363626319,"Landsat OLI has no red-edge band: chl/RTI proxies use NIR(865nm)/Red(655nm) 2-band ratio, a coarser analogue of the S2 red-edge form, per organiser guidance to keep bands physically meaningful rather than treated like generic RGB.",
shawka_dam,landsat-c2-l2,LC09_L2SP_160043_20251031_02_T1,2025-10-31T06:46:50.905726Z,0.0,,0.1323397916666667,0.16033369166666667,,0.19720660833333337,0.10312940014500938,0.09564891113868688,1.2299760972467684,-0.19683667206398445,"Landsat OLI has no red-edge band: chl/RTI proxies use NIR(865nm)/Red(655nm) 2-band ratio, a coarser analogue of the S2 red-edge form, per organiser guidance to keep bands physically meaningful rather than treated like generic RGB.",
